[{"fcompanyid":"COMP001","faccountid":"ACC001","factive_flag":"Y","fname":"John","flname":"Doe","ffname":"John","fmname":"M","faddress":"123 Main St","fphone":"123-456-7890","fofficeid":"OFF001","faccesslvl":"Admin","fmemo":"This is a memo for John Doe.","flogon_flag":"Y","fuserid":"johndoe123","fpassword":"hashed_password","fpassword_update":"2023-07-25","flast_logon":"2023-07-25 08:00:00","fsecurity_question":"What is your favorite color?","fsecurity_answer":"Blue","femail":"johndoe@example.com","fbirthdate":"1990-01-01","fregister_date":"2023-07-25 08:00","fsex":"Male","fcivil_status":"Single","fcreated_by":"AdminUser","fcreated_date":"2023-07-25 08:00:00","fupdated_by":"AdminUser","fupdated_date":"2023-07-25 08:00:00"},{"fcompanyid":"COMP001","faccountid":"ACC002","factive_flag":"Y","fname":"Jane","flname":"Smith","ffname":"Jane","fmname":"A","faddress":"456 Oak Ave","fphone":"987-654-3210","fofficeid":"OFF002","faccesslvl":"User","fmemo":"This is a memo for Jane Smith.","flogon_flag":"Y","fuserid":"janesmith321","fpassword":"hashed_password","fpassword_update":"2023-07-25","flast_logon":"2023-07-25 09:30:00","fsecurity_question":"What is your favorite animal?","fsecurity_answer":"Dog","femail":"janesmith@example.com","fbirthdate":"1995-05-15","fregister_date":"2023-07-25 09:30","fsex":"Female","fcivil_status":"Married","fcreated_by":"AdminUser","fcreated_date":"2023-07-25 09:30:00","fupdated_by":"AdminUser","fupdated_date":"2023-07-25 09:30:00"},{"fcompanyid":"COMP002","faccountid":"ACC003","factive_flag":"N","fname":"Mike","flname":"Johnson","ffname":"Mike","fmname":"L","faddress":"789 Elm Rd","fphone":"555-123-4567","fofficeid":"OFF003","faccesslvl":"User","fmemo":"No memo for Mike Johnson.","flogon_flag":"N","fuserid":"mikejohn","fpassword":"hashed_password","fpassword_update":"2023-07-25","flast_logon":"2023-07-25 12:15:00","fsecurity_question":"What city were you born in?","fsecurity_answer":"New York","femail":"mikejohn@example.com","fbirthdate":"1985-12-10","fregister_date":"2023-07-25 12:15","fsex":"Male","fcivil_status":"Divorced","fcreated_by":"AdminUser","fcreated_date":"2023-07-25 12:15:00","fupdated_by":"AdminUser","fupdated_date":"2023-07-25 12:15:00"},{"fcompanyid":"COMP002","faccountid":"ACC004","factive_flag":"Y","fname":"Emily","flname":"Williams","ffname":"Emily","fmname":"K","faddress":"101 Maple Lane","fphone":"444-555-6666","fofficeid":"OFF001","faccesslvl":"User","fmemo":"No memo for Emily Williams.","flogon_flag":"Y","fuserid":"emilywill","fpassword":"hashed_password","fpassword_update":"2023-07-25","flast_logon":"2023-07-25 14:45:00","fsecurity_question":"What is your mother's maiden name?","fsecurity_answer":"Smith","femail":"emilywill@example.com","fbirthdate":"1998-08-20","fregister_date":"2023-07-25 14:45","fsex":"Female","fcivil_status":"Single","fcreated_by":"AdminUser","fcreated_date":"2023-07-25 14:45:00","fupdated_by":"AdminUser","fupdated_date":"2023-07-25 14:45:00"},{"fcompanyid":"COMP003","faccountid":"ACC005","factive_flag":"Y","fname":"David","flname":"Lee","ffname":"David","fmname":"S","faddress":"222 Pine St","fphone":"777-888-9999","fofficeid":"OFF002","faccesslvl":"User","fmemo":"This is a memo for David Lee.","flogon_flag":"Y","fuserid":"davidlee","fpassword":"hashed_password","fpassword_update":"2023-07-25","flast_logon":"2023-07-25 16:30:00","fsecurity_question":"What was your first pet's name?","fsecurity_answer":"Max","femail":"davidlee@example.com","fbirthdate":"1993-04-05","fregister_date":"2023-07-25 16:30","fsex":"Male","fcivil_status":"Single","fcreated_by":"AdminUser","fcreated_date":"2023-07-25 16:30:00","fupdated_by":"AdminUser","fupdated_date":"2023-07-25 16:30:00"}]